,precision,recall,f1-score,support
,,,,
0,1,0.913793103,0.954954955,58
,,,,
1,0.982808023,0.99132948,0.98705036,692
,,,,
2,0.970414201,0.967551622,0.968980798,339
,,,,
accuracy,0.97979798,0.97979798,0.97979798,0.97979798
,,,,
macro avg,0.984407408,0.957558069,0.970328704,1089
,,,,
weighted avg,0.979865534,0.97979798,0.979716002,1089
,,,,
,,,,
,0,1,2,
,,,,
0,53,1,4,
,,,,
1,0,686,6,
,,,,
2,0,11,328,
